[
    {
        "company": "Jobot",
        "id": 141,
        "image_url": "https://cdn-dynamic.talent.com/ajax/img/get-logo.php?empcode=sonicjobs-ats-usa&empname=Jobot&v=024",
        "title": "Software Architect"
    },
    {
        "company": "Wells Fargo",
        "id": 142,
        "image_url": "https://cdn-dynamic.talent.com/ajax/img/get-logo.php?empcode=sonicjobs-ats-usa&empname=Wells+Fargo&v=024",
        "title": "Software Engineer"
    },
    {
        "company": "Robert Half",
        "id": 143,
        "image_url": "https://cdn-dynamic.talent.com/ajax/img/get-logo.php?empcode=sonicjobs-ats-usa&empname=Robert+Half&v=024",
        "title": "Software Engineer"
    },
    {
        "company": "Tandym Group",
        "id": 144,
        "image_url": "https://cdn-dynamic.talent.com/ajax/img/get-logo.php?empcode=sonicjobs-ats-usa&empname=Tandym+Group&v=024",
        "title": "Senior Software Developer"
    },
    {
        "company": "Nesco Resource",
        "id": 145,
        "image_url": "https://cdn-dynamic.talent.com/ajax/img/get-logo.php?empcode=sonicjobs-ats-usa&empname=Nesco+Resource&v=024",
        "title": "Software Development Manager"
    },
    {
        "company": "Pyramid Consulting, Inc",
        "id": 146,
        "image_url": "https://cdn-dynamic.talent.com/ajax/img/get-logo.php?empcode=sonicjobs-ats-usa&empname=Pyramid+Consulting%2C+Inc&v=024",
        "title": "Software Engineer IV"
    },
    {
        "company": "Franklin Energy",
        "id": 147,
        "image_url": "https://cdn-dynamic.talent.com/ajax/img/get-logo.php?empcode=sonicjobs-ats-usa&empname=Franklin+Energy&v=024",
        "title": "Senior Software Engineer"
    },
    {
        "company": "Innova Solutions",
        "id": 148,
        "image_url": "https://cdn-dynamic.talent.com/ajax/img/get-logo.php?empcode=sonicjobs-ats-usa&empname=Innova+Solutions&v=024",
        "title": "Lead Software Engineer"
    },
    {
        "company": "UnitedHealth Group",
        "id": 149,
        "image_url": "https://cdn-dynamic.talent.com/ajax/img/get-logo.php?empcode=sonicjobs-ats-usa&empname=UnitedHealth+Group&v=024",
        "title": "Senior Software Engineer - Remote"
    },
    {
        "company": "Careerbuilder-US",
        "id": 150,
        "image_url": "https://cdn-dynamic.talent.com/ajax/img/get-logo.php?empcode=sonicjobs-ats-usa&empname=Careerbuilder-US&v=024",
        "title": "Software Developer Snowflake/Salesforce"
    },
    {
        "company": "Experis",
        "id": 151,
        "image_url": "https://cdn-dynamic.talent.com/ajax/img/get-logo.php?empcode=sonicjobs-ats-usa&empname=Experis&v=024",
        "title": "Software Engineer (Java) Charlotte, NC"
    },
    {
        "company": "SENATOR INTERNATIONAL",
        "id": 152,
        "image_url": "https://cdn-dynamic.talent.com/ajax/img/get-logo.php?empcode=senator-international&empname=SENATOR+INTERNATIONAL&v=024",
        "title": "Software Engineer"
    },
    {
        "company": "ICONMA, LLC",
        "id": 153,
        "image_url": "https://cdn-dynamic.talent.com/ajax/img/get-logo.php?empcode=jobdiva-org&empname=ICONMA%2C+LLC&v=024",
        "title": "Software Engineer"
    },
    {
        "company": "Strategic Staffing Solutions",
        "id": 154,
        "image_url": "https://cdn-dynamic.talent.com/ajax/img/get-logo.php?empcode=staffingfuture-totaltek&empname=Strategic+Staffing+Solutions&v=024",
        "title": "Software Engineer"
    },
    {
        "company": "Motion Recruitment",
        "id": 155,
        "image_url": "https://cdn-dynamic.talent.com/ajax/img/get-logo.php?empcode=motionrp-us&empname=Motion+Recruitment&v=024",
        "title": "Software Engineer"
    },
    {
        "company": "Double Line, Inc.",
        "id": 156,
        "image_url": "https://cdn-dynamic.talent.com/ajax/img/get-logo.php?empcode=jazzhr-ats&empname=Double+Line%2C+Inc.&v=024",
        "title": "Software Engineer"
    },
    {
        "company": "EDRAY",
        "id": 157,
        "image_url": "https://cdn-dynamic.talent.com/ajax/img/get-logo.php?empcode=applicantpro-ats-org&empname=EDRAY&v=024",
        "title": "Software Engineer"
    },
    {
        "company": "HCL Technologies",
        "id": 158,
        "image_url": "https://cdn-dynamic.talent.com/ajax/img/get-logo.php?empcode=hcl-technologies&empname=HCL+Technologies&v=024",
        "title": "SOFTWARE ENGINEER"
    },
    {
        "company": "Randstad",
        "id": 159,
        "image_url": "https://cdn-dynamic.talent.com/ajax/img/get-logo.php?empcode=randstad&empname=Randstad&v=024",
        "title": "Software Engineer"
    },
    {
        "company": "Apm Terminals",
        "id": 160,
        "image_url": "https://cdn-dynamic.talent.com/ajax/img/get-logo.php?empcode=apm-terminals&empname=Apm+Terminals&v=024",
        "title": "Software Engineer"
    }
]